eps,tav,K,Te,alpha,nu,Heat_diffusivity
0.014832317352541657,0.00014415047174062262,1.2054899682073288,0.862821901684034,1.024608505547316,0.035290568535784154,0.8968759094898453
0.011019434599199261,0.0001265441953848035,0.55216817327642,1.131283973762964,1.1162946597929637,0.005314961785264057,1.1049762698434835
0.022376695578896297,0.0001983311671078037,1.7120655296531029,0.9612291810225541,1.002346432647018,0.01632381604762828,1.0467744018407414
0.00891635438576485,0.00010513661412039366,1.3137255832707355,1.08723488728732,0.8306647029004744,0.0019745394827424927,0.9665749038085901
0.025337913755397824,0.00016883019768747974,0.8541346245097512,0.8994391980473944,0.9334426598182153,0.0034895539818373626,0.9084764662400726
